"","Observed","Chao1","se.chao1","ACE","se.ACE","Shannon","Simpson","InvSimpson","Fisher","Pielou","Coverage"
"12802.UB6-0001.assembled.fastq",471,497,9.59257609260019,498.541076717108,10.9506480151206,4.42771420180416,0.9553670368,22.4049654852403,82.359569633267,0.719385261880963,0.99792
"12802.UB6-0002.assembled.fastq",471,516.418604651163,15.0121814337634,509.747914548709,11.1494509664563,4.08745238655182,0.9004790272,10.0481332915588,82.359569633267,0.664101807729008,0.99748
"12802.UB6-0003.assembled.fastq",290,313.785714285714,10.3022608162424,313.924536053854,8.78733208247291,2.60221685888811,0.7287112064,3.68610876523873,46.0392203019888,0.458954410901489,0.99852
"12802.UB6-0004.assembled.fastq",445,480.333333333333,12.7499643314886,477.582899161953,10.7470729320569,4.46396294530492,0.9634194912,27.3369625739049,76.8926083691949,0.732028299222221,0.99788
"12802.UB6-0005.assembled.fastq",391,412.794117647059,9.23885640970527,412.901440189655,9.99006067131591,4.08436950789444,0.9388240768,16.3463001078176,65.794829939658,0.684297139179065,0.99844
"12802.UB6-0006.assembled.fastq",377,410.6,12.6102216017639,408.002264945943,10.0136732330269,4.0003472435787,0.9374750432,15.993613609342,62.9761799764528,0.674339498313894,0.99804
"12802.UB6-0007.assembled.fastq",407,438.333333333333,11.8914599107964,432.961980860544,10.2160103048091,4.41078973261852,0.9688607776,32.1138398112343,69.0460806872884,0.7340533973172,0.99808
"12802.UB6-0008.assembled.fastq",678,764.684931506849,21.3676737914519,761.6243108079,13.6820276498718,4.79148078276572,0.9639539168,27.7422652123269,128.513074155149,0.734985815035865,0.99548
"12802.UB6-0009.assembled.fastq",486,569.025,24.3196209599653,545.124652737821,11.5355782094681,4.33089564533422,0.9468255488,18.8060238974314,85.5489427188768,0.700088844175373,0.99672
"12802.UB6-0010.assembled.fastq",406,438.620689655172,12.924424112612,432.962651250396,10.1405426027355,4.47041892684546,0.9644866848,28.1584525231821,68.8419514379639,0.744281731036589,0.99824
"12802.UB6-0011.assembled.fastq",510,554.722222222222,14.0365011646626,560.292156059636,11.8536704674903,4.75062378077736,0.9797573088,49.4005461092051,90.7046427288388,0.76200045036814,0.9972
"12802.UB6-0012.assembled.fastq",606,656.791044776119,14.6479362138903,661.684314429824,12.7531051747493,4.95097678375609,0.982650544,57.6386948386163,111.952131249801,0.772759407780566,0.99668
"12802.UB6-0013.assembled.fastq",214,227.333333333333,8.85006819195881,220.877877720814,7.15206156180302,3.78503599187983,0.9512762464,20.523870311995,32.1431527232542,0.705376986643951,0.99936
"12802.UB6-0014.assembled.fastq",304,321.647058823529,9.31682322641839,317.858023837376,8.52984971654172,4.23924994053589,0.9645642336,28.2200754094597,48.6944439093002,0.741512926287405,0.999
"12802.UB6-0015.assembled.fastq",409,439.136363636364,11.0246353001261,442.462397319849,10.4041137433506,4.23078429902017,0.9613500224,25.8732362111382,69.454706980436,0.703522562881769,0.99792
"12802.UB6-0016.assembled.fastq",490,530.737704918033,12.7409371489327,538.960053926835,11.555206916977,4.47373469461556,0.9693209184,32.595499860074,86.4037488836058,0.722221813418922,0.99716
"12802.UB6-0017.assembled.fastq",287,298.5,6.42586904527111,298.161347990044,8.44230534828183,4.06883036301801,0.9577556,23.6717766141784,45.4739251228478,0.718940392053496,0.99908
"12802.UB6-0018.assembled.fastq",490,530.317073170732,13.894843779251,524.279902835526,11.2944132920891,4.57201475492481,0.9713226048,34.8706705412352,86.4037488836058,0.738087752779362,0.99768
"12802.UB6-0019.assembled.fastq",354,371.032258064516,7.89658403904692,371.882889016451,9.42887888293087,3.92300581165296,0.9295213312,14.1886902381448,58.3999498155674,0.668394506141684,0.99868
"12802.UB6-0020.assembled.fastq",493,544.483870967742,17.9877449778777,525.003162686063,11.1684870999345,4.68341278922018,0.9737208608,38.0529968044007,87.0460354323442,0.755327128427846,0.99772
"12802.UB6-0021.assembled.fastq",526,552.5,9.60555340375512,556.536192073743,11.6474606981177,4.52933879065871,0.9483537152,19.3624769694954,94.177288530235,0.722924347428071,0.99784
"12802.UB6-0022.assembled.fastq",498,525.823529411765,11.042744454827,522.377562850604,11.0333949606118,4.50755641674163,0.9496338112,19.8545894344104,88.1187561161198,0.725784362354417,0.99824
"12802.UB6-0024.assembled.fastq",375,391.028571428571,7.36920363333001,392.364852936891,9.78010761735469,4.21326979822861,0.9583386368,24.0030551856738,62.5755450392783,0.710869307254222,0.99864
"12802.UB6-0025.assembled.fastq",518,546.651515151515,9.73310144162348,554.238496636559,11.5882331791964,4.36669444086773,0.9452623456,18.2689596578694,92.4374210527873,0.698673878152689,0.99752
"12802.UB6-0026.assembled.fastq",287,288.875,1.89260061166343,291.025877830097,8.06991892807486,4.39206106313474,0.9595926592,24.7479784663286,45.4739251228478,0.77605351438413,0.9996
"12802.UB6-0027.assembled.fastq",536,582.442307692308,14.5657989462303,580.098688238096,11.9015751776191,4.4319558205238,0.937250272,15.9363240586477,96.3618582164499,0.705261171535619,0.9972
"12802.UB6-0030.assembled.fastq",421,438.103448275862,8.03709304044405,435.377412786853,10.0863035326274,4.81642942707365,0.9824805984,57.0795751380001,71.916703452705,0.797074646042744,0.99872
"12802.UB6-0031.assembled.fastq",310,324.772727272727,7.69203569090572,321.83275406478,8.82014717895623,4.33233849870094,0.9730734624,37.1380834348342,49.8409465475086,0.755213788659945,0.99896
"12802.UB6-0032.assembled.fastq",541,632.467741935484,23.2366503509859,624.096792507109,12.3349121385634,4.66028831796643,0.9784689216,46.4444920696587,97.4582055259175,0.740501802196884,0.99572
"12802.UB6-0033.assembled.fastq",337,358.794117647059,9.23882730347478,360.392897114265,9.37004761796768,4.2457352556529,0.9690853088,32.3470803421773,55.0620222983883,0.729497381130246,0.99844
"12802.UB6-0035.assembled.fastq",231,236.5,4.51053031482222,235.809363933638,7.05579738457174,4.166825044133,0.9681000512,31.3480126964969,35.1715964743087,0.765620219866127,0.99956
"12802.UB6-0036.assembled.fastq",460,508.48717948718,16.1675628440127,498.878861450287,11.0929408552696,4.23361926310771,0.9399097056,16.641622577905,80.0370575080524,0.690501202389051,0.99752
"12802.UB6-0037.assembled.fastq",379,422.333333333333,18.2880522221177,399.664129722629,9.66250008616578,4.24068906789858,0.955022592,22.233384369326,63.3773238975906,0.714216961619304,0.9984
"12802.UB6-0038.assembled.fastq",394,419.323529411765,10.3052737962641,418.20514419265,10.0543422635404,4.49558784767274,0.9756909792,41.1369922395229,66.402020036817,0.752229565482603,0.99832
"12802.UB6-0039.assembled.fastq",394,416.037037037037,9.82329464094454,413.311843010421,9.75883096736556,4.65396885046766,0.980061056,50.1531074062899,66.402020036817,0.778730854513089,0.9986
"12802.UB6-0040.assembled.fastq",380,398.529411764706,8.22035630561308,399.285199729599,9.73625619735379,4.59800317059133,0.9795953376,49.0084070197603,63.5780863156484,0.774052291587649,0.99856
